[
    {
        "user_id": "001",
        "feedback": "feedback",
        "email": "youremail@gmail.com",
        "timestamp": "2024-12-06T19:33:22.469909"
    },
    {
        "user_id": "001",
        "feedback": "feedback",
        "email": "udaykumarhaibathi@gmail.com",
        "timestamp": "2024-12-06T21:14:40.477678"
    },
    {
        "user_id": "45",
        "feedback": "buv",
        "email": "udaykumarhaibathi@gmail.com",
        "timestamp": "2024-12-07T11:31:30.379637"
    },
    {
        "user_id": "12345",
        "feedback": "sdf sdf",
        "email": "udaykumarhaibathi@gmail.com",
        "timestamp": "2025-04-10T09:30:58.052317"
    }
]